{"cameraMode":{"drawMode":0,"name":"Shaded","section":"Shading Mode"},"sceneLighting":true,"audioPlay":false,"sceneViewState":{"m_AlwaysRefresh":false,"showFog":true,"showSkybox":true,"showFlares":true,"showImageEffects":true,"showParticleSystems":true,"showVisualEffectGraphs":true,"m_FxEnabled":true},"in2DMode":false,"pivot":{"x":8.029999732971192,"y":1.1280633211135865,"z":-11.178045272827149},"rotation":{"x":0.006704952102154493,"y":0.984318196773529,"z":-0.17231960594654084,"w":0.038391344249248508},"size":1.2004733085632325,"orthographic":false}