{"cameraMode":{"drawMode":0,"name":"Shaded","section":"Shading Mode"},"sceneLighting":false,"audioPlay":false,"sceneViewState":{"m_AlwaysRefresh":false,"showFog":true,"showSkybox":false,"showFlares":true,"showImageEffects":true,"showParticleSystems":true,"showVisualEffectGraphs":true,"m_FxEnabled":true},"in2DMode":false,"pivot":{"x":0.16572809219360352,"y":0.33042633533477785,"z":-0.00210002064704895},"rotation":{"x":-0.04270224645733833,"y":-0.9553131461143494,"z":0.1726597547531128,"w":-0.236202672123909},"size":0.8578439950942993,"orthographic":false}